,"Proporção de casamentos entre portugueses/as e estrangeiros/as, %, 2021","População estrangeira a quem foi concedido título de residência por 100 habitantes, N.º, 2021","Índice de envelhecimento, N.º, 2021","Índice de renovação da população em idade ativa, N.º, 2021","Índice de dependência de idosas/os, N.º, 2021","Índice de longevidade, N.º, 2021","Relação de masculinidade, N.º, 2021","Relação de masculinidade dos estrangeiros a quem foi concedido título de residência , N.º, 2021","Idade média das mulheres ao nascimento do primeiro filho, anos, 2021","Idade média da mulher ao primeiro casamento, anos, 2021","Idade média do homem ao primeiro casamento, anos, 2021","Esperança de vida à nascença
, anos, 2019-2021","Esperança de vida aos 65 anos, anos, 2019-2021"
Portugal,12.9,1.07,184.9,75.5,37.2,48.9,90.7,116.4,30.4,32.9,34.3,80.72,19.35
Continente,13.2,1.1,187.4,75.4,37.8,49,90.6,116.5,30.5,32.9,34.3,80.84,19.44
Norte,10,0.56,188.9,73.3,35.4,46.6,91,109.8,30.8,31.9,33.1,81.13,19.51
Alto Minho,13.1,0.75,256.6,66.2,46.9,51.2,88.6,114.1,30.4,32.7,33.7,80.64,19.66
Arcos de Valdevez,32.6,0.33,391.7,59.1,65.8,54.2,85.2,72.5,x,x,x,x,x
Caminha,5.7,0.83,275.5,60.5,50.3,50.5,87.4,158.8,x,x,x,x,x
Melgaço,14.3,0.5,565.2,42.6,85.8,55.4,80.8,69.6,x,x,x,x,x
Monção,13.5,1,357.5,52.6,61.4,51.7,85.3,102.3,x,x,x,x,x
Paredes de Coura,8.3,0.53,290.5,58,53.7,53.2,92.5,76.9,x,x,x,x,x
Ponte da Barca,10.3,0.19,292.3,67.6,50.7,53.8,87.3,200,x,x,x,x,x
Ponte de Lima,2.1,0.31,212.8,76.9,38.8,52.2,89.5,118.6,x,x,x,x,x
Valença,22.2,1.87,222,74.2,43.3,49.5,89.1,120.7,x,x,x,x,x
Viana do Castelo,16.9,0.84,214.9,67.5,40.6,48.8,89.7,105.7,x,x,x,x,x
Vila Nova de Cerveira,6.5,1.66,231.6,77.7,43.7,50.5,94.2,186.5,x,x,x,x,x
Cávado,11.5,0.78,151.6,82.4,29.7,45.4,92.1,106.8,31.4,31.5,32.9,81.73,19.93
Amares,8.7,0.37,170.5,81.7,33.2,47.7,95.5,74.4,x,x,x,x,x
Barcelos,7.6,0.3,162.8,83.4,29.9,44.6,93.2,116,x,x,x,x,x
Braga,15.8,1.21,136,83.4,27.5,43.9,91.2,100,x,x,x,x,x
Esposende,4.3,0.84,151.7,78.3,30.9,45.3,91.9,184.6,x,x,x,x,x
Terras de Bouro,3.6,0.16,296.8,57.9,48.3,51.9,93.9,25,x,x,x,x,x
Vila Verde,11.8,0.35,170.6,83.3,34.2,50.7,92.1,111.7,x,x,x,x,x
Ave,5.7,0.3,173.2,75.5,31.8,43.8,93.3,122.9,30.8,31.5,32.9,81.13,19.42
Cabeceiras de Basto,0,0.15,193.8,72.7,35.7,51.7,94.6,187.5,x,x,x,x,x
Fafe,4.1,0.19,203.1,72.4,36.2,45.2,91.1,87.8,x,x,x,x,x
Guimarães,7.6,0.31,166.2,76,30.6,42.2,93.9,104.2,x,x,x,x,x
Mondim de Basto,0,0.08,288.7,61.6,46.8,51.4,93.9,66.7,x,x,x,x,x
Póvoa de Lanhoso,4.3,0.22,187.9,69.9,34.8,46.5,92.7,161.1,x,x,x,x,x
Vieira do Minho,2.4,0.18,312.6,59.8,49.3,51.3,91.5,83.3,x,x,x,x,x
Vila Nova de Famalicão,6.3,0.41,158.8,78.6,30,42.7,93.4,150.7,x,x,x,x,x
Vizela,6.3,0.23,140.7,82.8,25.7,39.9,95.1,103.7,x,x,x,x,x
A. M. Porto,11.9,0.65,178.7,74.3,34.2,45.6,90,107.1,30.9,32.5,33.6,81.11,19.64
Arouca,1.5,0.03,195,70.4,38.3,47.6,92.7,133.3,x,x,x,x,x
Espinho,5.2,0.31,267.4,63.2,47.1,48.3,87.3,71.4,x,x,x,x,x
Gondomar,2.7,0.3,175.6,71.9,33.1,43.9,90.3,84.1,x,x,x,x,x
Maia,14.1,0.44,145.4,76.2,29.5,44.4,90.4,112.2,x,x,x,x,x
Matosinhos,7.9,0.6,187.5,68.8,36.3,44.5,89,95.3,x,x,x,x,x
Oliveira de Azeméis,5.6,0.26,205,67.1,36.2,47.5,93.7,108.5,x,x,x,x,x
Paredes,4.1,0.25,122.6,84.4,24,41.7,93.9,101.9,x,x,x,x,x
Porto,23.7,2.06,226.9,84.6,41.9,50.7,84.6,114.3,x,x,x,x,x
Póvoa de Varzim,9.1,0.76,159.7,81.2,31.7,44,89.1,104.2,x,x,x,x,x
Santa Maria da Feira,5.3,0.25,171.8,70.1,32.3,45.2,93.2,90.6,x,x,x,x,x
Santo Tirso,5.9,0.14,233.1,67.4,39.1,45,91,77.4,x,x,x,x,x
São João da Madeira,10.7,1.01,185.8,70.2,34,46.2,88.4,105.5,x,x,x,x,x
Trofa,1.5,0.44,163,78.3,30.3,42.8,92.2,194.8,x,x,x,x,x
Vale de Cambra,6.2,0.49,270.1,64.7,47,49,93.4,108,x,x,x,x,x
Valongo,9.3,0.31,148.4,78.7,29.6,43.3,90.4,87.2,x,x,x,x,x
Vila do Conde,6.1,0.59,152.2,73,31.3,44.9,92.2,157,x,x,x,x,x
Vila Nova de Gaia,14.3,0.57,171.5,72.5,33.3,44.4,90.2,97,x,x,x,x,x
Alto Tâmega,16.3,0.25,389.8,47.9,63.5,52.1,91.1,109.9,30.1,32,34.8,79.61,19.66
Boticas,7.7,0.14,437.7,38.8,70,54,91.6,133.3,x,x,x,x,x
Chaves,25,0.32,330,51.8,56.4,51,90.6,88.9,x,x,x,x,x
Montalegre,3.8,0.15,540.3,41.7,75.7,55.1,93.6,100,x,x,x,x,x
Ribeira de Pena,10,0.36,308.6,49.1,54.6,52.4,97.3,425,x,x,x,x,x
Valpaços,6.1,0.18,498.9,43.8,79.3,53,88.5,44.4,x,x,x,x,x
Vila Pouca de Aguiar,8,0.21,408.1,49.2,61.8,50.2,90.7,316.7,x,x,x,x,x
Tâmega e Sousa,4.3,0.19,155.4,79.6,28.6,44.8,93.3,161.4,29.9,30.1,31.3,80.4,19.05
Amarante,4.2,0.19,194.9,70.1,34.6,45.2,90.6,188.2,x,x,x,x,x
Baião,5.7,0.17,213.5,64.1,35.3,49,90.8,200,x,x,x,x,x
Castelo de Paiva,1.8,0.23,185.4,74.8,31.5,45.8,94,250,x,x,x,x,x
Celorico de Basto,1.6,0.08,208.2,69.1,37.9,50.8,91.7,66.7,x,x,x,x,x
Cinfães,5.7,0.23,229.3,63.3,41.1,50.5,94.6,925,x,x,x,x,x
Felgueiras,6.9,0.18,148.3,82.6,26.7,43.3,93.5,128.9,x,x,x,x,x
Lousada,1.5,0.29,115.4,90.1,22.4,41.5,93.6,286.1,x,x,x,x,x
Marco de Canaveses,5.2,0.2,146.7,83.5,27.1,44,92.3,120,x,x,x,x,x
Paços de Ferreira,4.3,0.15,125.6,89.2,23.6,42.5,97.4,104.9,x,x,x,x,x
Penafiel,3.8,0.16,137.1,82.2,26.5,43.1,92.7,109.6,x,x,x,x,x
Resende,8.1,0.05,239.4,65.1,41,51.1,95.1,25,x,x,x,x,x
Douro,4.9,0.21,281.1,57.6,47.8,50.5,90.7,124.4,30.4,32,32.8,80.25,19.6
Alijó,7.7,0.1,363.7,48.5,57.5,52.3,95,42.9,x,x,x,x,x
Armamar,0,0.37,324.7,53,51.3,55.6,89.2,250,x,x,x,x,x
Carrazeda de Ansiães,0,0.36,436,48.5,70.2,51.8,92.2,81.8,x,x,x,x,x
Freixo de Espada à Cinta,25,0.16,369.1,55.3,69.8,59.7,90.7,25,x,x,x,x,x
Lamego,5.4,0.08,257.1,56.4,41.8,49.4,89.8,900,x,x,x,x,x
Mesão Frio,4.5,0.11,330.6,57.8,48.3,47.3,88,100,x,x,x,x,x
Moimenta da Beira,0,0.24,263.2,59.4,50.4,52.9,91.4,109.1,x,x,x,x,x
Murça,6.3,0.08,439.9,47.5,64.8,51.1,93.6,0,x,x,x,x,x
Penedono,0,0,422,58.3,60.4,55.9,90.2,0,x,x,x,x,x
Peso da Régua,7.1,0.03,258.2,58.3,42.8,46.1,88.7,150,x,x,x,x,x
Sabrosa,0,0.07,355.4,55.4,58,50.3,91.7,100,x,x,x,x,x
Santa Marta de Penaguião,0,0.05,362.7,54.7,54.8,47.9,90.4,200,x,x,x,x,x
São João da Pesqueira,0,0.18,272.2,56.1,45.6,50.8,96.4,100,x,x,x,x,x
Sernancelhe,5.3,0.23,349.8,53.2,54.3,53.5,93.4,225,x,x,x,x,x
Tabuaço,0,0.22,356.8,55.1,54.2,50.1,89.8,175,x,x,x,x,x
Tarouca,0,0.09,202.3,63.2,38.9,48.2,92.6,40,x,x,x,x,x
Torre de Moncorvo,20,0.1,511.8,47.1,79.5,55.5,89.6,75,x,x,x,x,x
Vila Nova de Foz Côa,13.3,0.16,424.7,51.7,64.9,53,90.7,233.3,x,x,x,x,x
Vila Real,4.8,0.44,199.4,65.8,37,48.3,89.4,120.4,x,x,x,x,x
Terras de Trás-os-Montes,8.3,0.96,361.9,59.7,60,53,92,92.9,30.3,33.1,35,80.68,19.67
Alfândega da Fé,0,0.37,463.3,48,69.3,54.7,93.7,300,x,x,x,x,x
Bragança,13.4,2.16,262.8,79.3,46.6,50.6,91.6,95,x,x,x,x,x
Macedo de Cavaleiros,0,0.32,386.3,53.6,62.2,51.8,90.3,109.1,x,x,x,x,x
Miranda do Douro,12.5,0.32,459.5,50.4,74.6,56.3,93.9,23.5,x,x,x,x,x
Mirandela,7.7,0.68,322,60.8,56.2,52.3,89.4,68.6,x,x,x,x,x
Mogadouro,0,0.23,472.5,43,70.8,56,94.2,171.4,x,x,x,x,x
Vila Flor,0,0.1,409.9,54.3,64.4,52.6,93.8,100,x,x,x,x,x
Vimioso,33.3,0.6,594.7,44.5,89.5,54,95,127.3,x,x,x,x,x
Vinhais,0,0.12,698.2,35.5,91.6,56.9,96.5,200,x,x,x,x,x
Centro,9.4,0.72,230.8,68.1,44.4,51.3,90.9,108.1,30.5,32.5,34,80.98,19.43
Oeste,10.9,1.07,186.4,74.7,38.8,49.5,92.7,119.7,30,33,34.4,80.24,18.93
Alcobaça,12.8,0.86,224.7,70.6,41.8,49.4,92.9,110.7,x,x,x,x,x
Alenquer,6.3,1.15,134.7,85.1,31.1,48.8,94.4,98.5,x,x,x,x,x
Arruda dos Vinhos,13.6,0.87,117.9,83.7,29.5,49.8,95.2,85.1,x,x,x,x,x
Bombarral,24,0.75,220.4,70.2,45.5,47.3,91.9,134.1,x,x,x,x,x
Cadaval,15.2,0.42,260.5,67.3,51.1,52.1,92.3,166.7,x,x,x,x,x
Caldas da Rainha,5.3,1.16,215.7,71.6,41.6,50.3,89.1,111.7,x,x,x,x,x
Lourinhã,3.6,1.05,192.2,73.1,41.6,47.9,93.6,118.1,x,x,x,x,x
Nazaré,15.4,1.74,209.6,68.4,43.2,45.5,90.8,115.8,x,x,x,x,x
Óbidos,2.2,1.23,217.2,65.8,43.5,47.3,95.5,142.6,x,x,x,x,x
Peniche,10.3,1.15,195.9,66.8,43.2,48.9,92.3,108.9,x,x,x,x,x
Sobral de Monte Agraço,8.9,0.69,136.5,82.5,31.2,49.6,92.8,97.3,x,x,x,x,x
Torres Vedras,13.6,1.18,172.7,80,35.6,51,93.5,150.6,x,x,x,x,x
Região de Aveiro,11.3,0.65,187.6,74.7,37,48.5,91.8,100.3,30.4,32.2,33.6,81.1,19.77
Águeda,7.5,0.63,216.2,68.3,41.6,48,92.3,110.8,x,x,x,x,x
Albergaria-a-Velha,5.3,0.45,180.4,75,35.6,47.4,94.3,85.2,x,x,x,x,x
Anadia,3.6,0.34,277.3,64.7,49.5,51.4,91.6,100,x,x,x,x,x
Aveiro,15.8,1.37,163.6,82,32.2,47.3,90.3,97.3,x,x,x,x,x
Estarreja,11.1,0.25,195.6,70.8,38.9,50.8,93.5,94.1,x,x,x,x,x
Ílhavo,13.4,0.61,162.6,72,33.5,46.8,90.4,90.6,x,x,x,x,x
Murtosa,12.3,0.38,183.1,77.3,39.7,51.1,93.6,100,x,x,x,x,x
Oliveira do Bairro,9.1,0.54,169.9,89.9,37.5,52.2,90.3,95.4,x,x,x,x,x
Ovar,16.2,0.27,176,74.8,33.3,44.9,92.2,112.7,x,x,x,x,x
Sever do Vouga,5.9,0.42,292.7,63.2,49.4,52.3,93.9,109.1,x,x,x,x,x
Vagos,6.9,0.49,182.6,76,38.5,50.6,92.3,138.3,x,x,x,x,x
Região de Coimbra,8,0.71,247.1,65.5,45.9,51.6,89.3,89.7,31.3,33,34.4,81.12,19.78
Arganil,5.9,0.62,322.6,51.6,58.7,56.1,91,97.1,x,x,x,x,x
Cantanhede,7,0.38,270.8,64.3,52.2,53,89.5,144.4,x,x,x,x,x
Coimbra,6.6,1.28,217.4,75,40.7,48.7,86.9,74.1,x,x,x,x,x
Condeixa-a-Nova,3,0.2,169.8,67.6,35.9,51.8,87.7,94.1,x,x,x,x,x
Figueira da Foz,17.9,0.75,257.5,58.1,47.2,50.2,89.9,112,x,x,x,x,x
Góis,0,0.26,468.1,48.9,69.8,57.6,86.7,100,x,x,x,x,x
Lousã,4,0.26,178.7,71.3,36.1,50.7,93,69.2,x,x,x,x,x
Mealhada,0,0.28,232.6,64.9,41.8,52.2,91.5,77.4,x,x,x,x,x
Mira,0,0.4,267.5,63.5,53.8,53.4,90.7,84.6,x,x,x,x,x
Miranda do Corvo,0,0.31,254.2,61.8,43,53,92.2,94.7,x,x,x,x,x
Montemor-o-Velho,1.3,0.24,213.7,61.1,42.3,53.5,92.5,130.8,x,x,x,x,x
Mortágua,23.5,0.67,373.3,59.7,64,52,90.9,150,x,x,x,x,x
Oliveira do Hospital,4.2,0.62,262.7,64.9,47.4,52.7,92.1,146.9,x,x,x,x,x
Pampilhosa da Serra,14.3,0.05,707.1,36.4,97,58.3,87.9,100,x,x,x,x,x
Penacova,2.5,0.25,349,56,55.1,51.4,89,135.7,x,x,x,x,x
Penela,22.2,0.77,309.1,56.6,54.7,57.4,91,133.3,x,x,x,x,x
Soure,7.5,0.2,341.5,58.1,60,54.7,90.2,100,x,x,x,x,x
Tábua,12.5,0.53,267.9,61.7,50.9,54.2,90.2,168.2,x,x,x,x,x
Vila Nova de Poiares,0,0.51,238.7,69.3,40.8,52.3,88.5,118.8,x,x,x,x,x
Região de Leiria,13.1,0.84,204.7,73.1,40.5,50.6,92.4,115.7,30.6,32.5,34.4,81.18,19.6
Alvaiázere,20,0.21,408.3,52.5,68.3,54.9,87.6,333.3,x,x,x,x,x
Ansião,7.7,0.3,325.2,59.1,56.3,55.7,90.5,133.3,x,x,x,x,x
Batalha,14.3,0.52,165.2,74.6,36.5,48.8,93.8,145.5,x,x,x,x,x
Castanheira de Pêra,50,0.45,502,48.8,71,53.2,90.2,100,x,x,x,x,x
Figueiró dos Vinhos,0,0.23,389.6,46,63.8,51.4,89.6,200,x,x,x,x,x
Leiria,11.3,1.02,172,79.3,34.9,49.2,92.7,102.9,x,x,x,x,x
Marinha Grande,27.3,1.16,184.2,75.6,36.8,46.7,93.1,149.5,x,x,x,x,x
Pedrógão Grande,0,2.4,446.9,48.1,63.5,53.5,90.2,86.4,x,x,x,x,x
Pombal,11.1,0.56,252.7,67.1,49,52.9,91.1,121.5,x,x,x,x,x
Porto de Mós,9.1,0.49,201,76.3,40.1,52.4,94.4,125.5,x,x,x,x,x
Viseu Dão Lafões,6.7,0.47,248.4,68.3,47.5,51.7,89.7,116.5,30.4,31.5,32.8,80.89,19.82
Aguiar da Beira,0,0.06,465.8,51.3,71,54.6,88.5,200,x,x,x,x,x
Carregal do Sal,11.1,0.49,286.1,61.3,55.5,51.3,88.7,144.4,x,x,x,x,x
Castro Daire,2.3,0.13,337.6,56.2,56.1,52.2,91.1,80,x,x,x,x,x
Mangualde,6.3,0.24,269.7,63.9,50,51.8,91.7,83.3,x,x,x,x,x
Nelas,9.1,0.21,268.4,62.4,53.6,51.9,89.8,100,x,x,x,x,x
Oliveira de Frades,8.8,0.92,205.4,75.1,39.6,51.8,92.1,166.7,x,x,x,x,x
Penalva do Castelo,0,0.11,354.7,58.5,64.2,54.3,91.9,700,x,x,x,x,x
Santa Comba Dão,15.4,0.51,301.7,61,57.9,52.6,89.4,217.6,x,x,x,x,x
São Pedro do Sul,9.1,0.43,335.4,63,57.8,51.7,89.7,195.5,x,x,x,x,x
Sátão,0,0.2,278.3,66.3,52.3,53.3,89.5,100,x,x,x,x,x
Tondela,8.3,0.41,320.9,63.2,55.2,53.8,89.9,146.5,x,x,x,x,x
Vila Nova de Paiva,6.7,0.06,329.8,63.8,56.4,53.4,92.3,50,x,x,x,x,x
Viseu,5.9,0.69,182,77.6,37.5,49.3,88.8,100,x,x,x,x,x
Vouzela,16.7,0.27,317.2,67.7,53.7,55.2,89.2,100,x,x,x,x,x
Beira Baixa,6.5,0.81,331.7,56.4,59.5,55.2,91,127.2,29.9,32.8,34.5,79.96,19.61
Castelo Branco,7,0.85,250.1,62.7,47.5,51.9,89.8,114,x,x,x,x,x
Idanha-a-Nova,18.2,1.05,494.6,47,87.5,61.2,91.8,175,x,x,x,x,x
Oleiros,0,0.67,783.7,40.5,95.6,58.1,91.7,175,x,x,x,x,x
Penamacor,0,0.73,676.6,41.9,90.9,62.1,97.4,105.9,x,x,x,x,x
Proença-a-Nova,0,0.45,469,48.3,71.9,54.5,93.8,166.7,x,x,x,x,x
Vila Velha de Ródão,0,0.85,508.5,49.2,98.2,61.7,90.8,180,x,x,x,x,x
Médio Tejo,6,0.57,256.4,63,48.9,53.7,90.2,98.9,30,32.6,33.8,80.73,19.48
Abrantes,9.9,0.19,309.6,53.9,53.6,53,92.1,88.6,x,x,x,x,x
Alcanena,12.5,0.44,240.2,60.4,48,50.8,92.4,96.4,x,x,x,x,x
Constância,8.3,0.05,215,60.2,41.5,50.9,91.2,100,x,x,x,x,x
Entroncamento,0,1.03,144.7,72.8,32.6,53.6,88.7,79.5,x,x,x,x,x
Ferreira do Zêzere,4,0.59,302,60.7,57,55.2,89.6,119,x,x,x,x,x
Mação,22.2,0.33,556.3,48.8,82.7,61.7,91.7,75,x,x,x,x,x
Ourém,1.3,1.19,222.2,74.2,44,54.2,88.5,101.1,x,x,x,x,x
Sardoal,11.1,0.17,374.2,54.2,55,54.2,92.7,50,x,x,x,x,x
Sertã,5.4,0.66,295.8,58.6,54.3,54.1,93.1,164.9,x,x,x,x,x
Tomar,12.5,0.41,296.2,60.8,52.1,52.3,88.8,76.2,x,x,x,x,x
Torres Novas,0,0.3,239.9,62.1,47.6,52.7,91.1,126.7,x,x,x,x,x
Vila de Rei,0,0.36,431.3,66.3,78.5,62,87.7,300,x,x,x,x,x
Vila Nova da Barquinha,9.1,0.23,211.7,66.1,45.6,54.3,89.9,77.8,x,x,x,x,x
Beiras e Serra da Estrela,8.3,0.52,340.7,55.4,57.8,53.7,90.4,121.6,30.3,31.6,34,80.2,19.73
Almeida,0,0.25,723.2,45,87.3,59.5,88,114.3,x,x,x,x,x
Belmonte,0,0.35,317.1,52.9,57,56.2,90.8,175,x,x,x,x,x
Celorico da Beira,30,0.33,373.2,51.1,62.7,55.5,89.8,120,x,x,x,x,x
Covilhã,12.5,0.81,291.1,61.2,50.7,49.6,90.6,111.2,x,x,x,x,x
Figueira de Castelo Rodrigo,0,0.14,383.5,50.6,72.7,57.9,90.7,133.3,x,x,x,x,x
Fornos de Algodres,0,0.18,413.7,52,66.1,59,86.4,300,x,x,x,x,x
Fundão,3.3,0.68,325.8,55.1,57.1,53.7,92.6,120.7,x,x,x,x,x
Gouveia,4,0.2,425.6,49.5,72.7,54.9,87.9,140,x,x,x,x,x
Guarda,11.5,0.8,228.6,65.3,39.9,51,90.9,129.1,x,x,x,x,x
Manteigas,20,0.58,524.2,51.8,72.4,49.3,88,112.5,x,x,x,x,x
Mêda,0,0.06,469.8,45.5,72.6,57.4,90.4,0,x,x,x,x,x
Pinhel,0,0.11,506.9,46.2,71.9,57.2,91.7,350,x,x,x,x,x
Sabugal,0,0.11,594.5,43.2,93.6,60.7,89.4,160,x,x,x,x,x
Seia,6.8,0.28,358.1,50.9,62.4,51.1,89.7,69.4,x,x,x,x,x
Trancoso,0,0.21,408.9,49.1,65.1,56.7,90.3,350,x,x,x,x,x
A. M. Lisboa,20.4,1.89,152.5,88.8,34.2,49.2,88.7,113.5,30.5,34.8,36.4,80.75,19.6
Alcochete,4.9,1,111.6,85.6,26.9,48.4,92.6,100,x,x,x,x,x
Almada,22.7,1.55,176.8,81.7,38.8,50.5,88.2,101.5,x,x,x,x,x
Amadora,7.7,1.88,156.1,97.1,35.3,49.7,86.2,115.4,x,x,x,x,x
Barreiro,25.6,1.27,196.2,84.5,42.1,49.9,87.7,97,x,x,x,x,x
Cascais,26,2.3,159.5,75.3,36.5,48.8,87,100.1,x,x,x,x,x
Lisboa,28.4,3.42,177.8,98.9,37,54.2,87.1,125.5,x,x,x,x,x
Loures,10.8,1.65,150,90.4,35.1,48.8,89.2,114.5,x,x,x,x,x
Mafra,8.3,1.29,111.2,83,27.3,48.3,94,109.1,x,x,x,x,x
Moita,3.8,1.18,150,82.3,35.1,45,89.5,97.5,x,x,x,x,x
Montijo,3,1.61,116.5,93.2,28.8,48.6,94.7,158,x,x,x,x,x
Odivelas,x,2.2,138.2,95.5,33,47.2,89,132.7,x,x,x,x,x
Oeiras,24.5,1.21,173,82.5,39.3,50.1,86.5,98.7,x,x,x,x,x
Palmela,1.1,0.8,148.7,78.8,33.1,50.8,92.8,117.4,x,x,x,x,x
Seixal,14.9,1.32,149.1,86.3,34.5,45,89.2,99.3,x,x,x,x,x
Sesimbra,22.1,0.97,140.7,77.8,32.1,46.9,94.2,94.7,x,x,x,x,x
Setúbal,25.2,1.25,167.3,78.4,37.6,47.5,89.8,109.1,x,x,x,x,x
Sintra,12.8,1.57,123.1,94.9,27,46.5,88.9,104.1,x,x,x,x,x
Vila Franca de Xira,7,0.83,124.8,84.2,28.5,43.4,91.1,95,x,x,x,x,x
Alentejo,12.5,0.93,219.5,66.4,44.5,52.7,94.1,190.4,29.6,33.9,35.1,79.83,18.85
Alentejo Litoral,16.4,2.59,222.3,70.6,42,51,103.5,270.5,29.4,36.2,37.8,79.7,19.36
Alcácer do Sal,13,0.7,290.6,54.7,54.3,49.3,93.5,151.6,x,x,x,x,x
Grândola,6.8,1.1,222.7,63.7,45.1,53.3,104,139.1,x,x,x,x,x
Odemira,3.3,6.38,220.3,99.9,33.4,54.2,123.8,346.9,x,x,x,x,x
Santiago do Cacém,21,0.73,237.7,54.1,49.7,49.5,94,126.7,x,x,x,x,x
Sines,26.2,1.28,158.7,67.9,35.6,47.3,92.7,163.8,x,x,x,x,x
Baixo Alentejo,11.7,0.85,216.4,63.2,45.6,52.1,96.4,314.9,28.5,31.9,33.2,78.29,17.78
Aljustrel,0,0.36,236.9,58.8,48.3,48.8,97.2,255.6,x,x,x,x,x
Almodôvar,0,0.53,295.5,57.3,56.4,53.3,96.8,260,x,x,x,x,x
Alvito,16.7,0.52,226.5,60.4,49.4,55.2,91.1,140,x,x,x,x,x
Barrancos,25,0.21,222.2,53,43.3,55.8,96.6,200,x,x,x,x,x
Beja,18.1,1.1,165.7,71.5,37.3,51.2,95.6,233.3,x,x,x,x,x
Castro Verde,0,0.36,226.1,59.4,44.2,50.8,93.9,177.8,x,x,x,x,x
Cuba,0,3.51,197,64.5,42.5,55.8,97.5,2466.7,x,x,x,x,x
Ferreira do Alentejo,15.6,1.94,245,69.4,48.4,50.1,101.3,733.3,x,x,x,x,x
Mértola,23.8,0.39,419.1,41.2,67.8,55,98.8,118.2,x,x,x,x,x
Moura,6.7,0.07,177.1,68.5,44.7,51.5,94.2,50,x,x,x,x,x
Ourique,0,1.03,336.4,51.7,60.7,56.2,96.3,72.4,x,x,x,x,x
Serpa,0,0.73,244.3,59.1,46.7,51.6,99.1,566.7,x,x,x,x,x
Vidigueira,11.1,0.19,213.1,66.9,46.2,53.5,94.5,100,x,x,x,x,x
Lezíria do Tejo,11.1,0.82,201.7,70.9,41.9,51.8,92.2,144,30,33.8,35.2,79.95,19.03
Almeirim,14.3,0.82,194.4,72.6,41.8,52.3,90.7,125,x,x,x,x,x
Alpiarça,4.2,0.52,244.3,69.9,50.2,51.3,91.2,176.9,x,x,x,x,x
Azambuja,14.6,1,182,77.5,36.8,50.6,101.1,102.8,x,x,x,x,x
Benavente,12.4,0.79,131.8,85.4,30.3,48.9,92.3,103.4,x,x,x,x,x
Cartaxo,9.4,0.71,202.1,70.3,40.4,51,92.3,163.5,x,x,x,x,x
Chamusca,40,0.27,299,53.7,55.1,53.8,93.2,187.5,x,x,x,x,x
Coruche,0,0.21,312,51.5,59.1,55,89.4,260,x,x,x,x,x
Golegã,10,0.35,254,69.8,48.6,52.6,89,533.3,x,x,x,x,x
Rio Maior,12.5,1.45,180.2,79.5,38.5,50.9,94.9,152.9,x,x,x,x,x
Salvaterra de Magos,6.6,0.4,218.1,67.3,44.4,51,92.1,168.8,x,x,x,x,x
Santarém,12.2,1.09,208.4,69,43.2,52.4,89.8,162.3,x,x,x,x,x
Alto Alentejo,10.3,0.39,255.9,59.4,51.2,55.4,90.5,93.8,28.9,34.6,36.1,79.24,18.44
Alter do Chão,11.1,0.26,318.3,50.9,64.2,60.2,85.4,33.3,x,x,x,x,x
Arronches,33.3,0.5,290.7,58.8,54.2,62.6,97.9,100,x,x,x,x,x
Avis,12.5,0.21,291,63,57.4,54.6,88.8,100,x,x,x,x,x
Campo Maior,7.7,0.29,164.4,80.6,38.9,49.8,93.1,64.3,x,x,x,x,x
Castelo de Vide,0,0.83,382.8,56.3,65.2,58.3,91.7,100,x,x,x,x,x
Crato,0,0.12,447,45.5,78.2,58.7,85.9,300,x,x,x,x,x
Elvas,20,0.39,176.2,65.7,39.3,52.8,90.5,88.4,x,x,x,x,x
Fronteira,25,0.17,329.4,46.4,60.5,54.3,89.8,150,x,x,x,x,x
Gavião,0,0.12,557.5,39.6,84.3,64.3,87.7,100,x,x,x,x,x
Marvão,0,1.42,362.2,48.1,64.4,57.3,90.9,95.5,x,x,x,x,x
Monforte,0,0.07,214.4,75.4,50.2,61.1,89.3,100,x,x,x,x,x
Nisa,0,0.24,534.5,46,78.1,59.5,89.8,75,x,x,x,x,x
Ponte de Sor,5,0.28,262.1,55.3,49.8,54.7,92.4,152.9,x,x,x,x,x
Portalegre,7.1,0.49,229.7,61.1,45.9,51.1,90.2,89.7,x,x,x,x,x
Sousel,11.1,0.46,294,61.1,58.2,59.8,86.7,81.8,x,x,x,x,x
Alentejo Central,13.9,0.49,225.3,64.7,44.8,53.5,92.4,115.1,30,33.8,34.6,80.17,19.37
Alandroal,29.4,0.22,323.4,47.7,54.5,59.7,93.8,175,x,x,x,x,x
Arraiolos,0,0.2,255.3,58.7,47.3,53.4,96.3,116.7,x,x,x,x,x
Borba,0,0.11,248.5,51.2,48.9,56.3,95.9,75,x,x,x,x,x
Estremoz,0,0.13,251.8,56.4,48.5,59.8,90.6,77.8,x,x,x,x,x
Évora,19,0.8,180.4,72.6,37.5,48.3,90.4,103.3,x,x,x,x,x
Montemor-o-Novo,14,0.47,264.9,62.4,51.9,56.4,92.3,120.6,x,x,x,x,x
Mora,20,0.12,446.3,47.5,73.8,55.7,91.2,150,x,x,x,x,x
Mourão,0,0.38,195.8,64.7,47.5,54,102.8,80,x,x,x,x,x
Portel,8.3,0.23,246.2,66.5,47.4,53.4,96.4,550,x,x,x,x,x
Redondo,36.8,0.16,241.6,64.4,45.9,54.5,95.4,100,x,x,x,x,x
Reguengos de Monsaraz,8.7,0.3,218.1,63.9,44,53.6,94,130.8,x,x,x,x,x
Vendas Novas,0,0.97,249.6,79.7,50.8,55.7,92.6,142.2,x,x,x,x,x
Viana do Alentejo,7.7,0.22,205.8,60.8,42.3,58.1,91.1,200,x,x,x,x,x
Vila Viçosa,12.9,0.19,243.1,55.6,43.3,52.1,93.2,133.3,x,x,x,x,x
Algarve,22.3,2.57,178.8,69.4,38.4,46.9,93.4,123.2,29.3,34.3,35.9,79.78,19.21
Albufeira,28.3,4.32,133.9,78,27.4,42.7,95.1,125.1,x,x,x,x,x
Alcoutim,5,1.52,791.3,44.9,103.5,58.9,94.4,137.5,x,x,x,x,x
Aljezur,15.4,5.39,212,56.7,44.9,52.8,99.3,101.2,x,x,x,x,x
Castro Marim,44.2,1.4,298.7,58.3,58.3,49.3,95.5,172.7,x,x,x,x,x
Faro,3,1.99,163.1,80.4,34.6,47.6,89.9,142.7,x,x,x,x,x
Lagoa,14.8,2.33,174.7,65.1,37.8,44,94.7,140.4,x,x,x,x,x
Lagos,14.3,3.4,199.2,61.2,40.6,43.8,93.5,108.2,x,x,x,x,x
Loulé,25.5,2.55,173.5,68.7,37.7,48.3,92.7,110.7,x,x,x,x,x
Monchique,29.4,1.56,337.4,43.4,61.6,54.2,99.7,136.1,x,x,x,x,x
Olhão,4,1.52,163.5,73,37,46.2,94.7,112.6,x,x,x,x,x
Portimão,7.5,2.69,158.4,77,35.9,46.2,91.5,126.4,x,x,x,x,x
São Brás de Alportel,31.1,1.1,194.2,67,43.5,50.5,92.5,106.7,x,x,x,x,x
Silves,22.7,2.14,185.2,63.3,40.8,48.9,96,140.6,x,x,x,x,x
Tavira,5,3.06,257.2,55.8,51.2,46.3,96.5,130.1,x,x,x,x,x
Vila do Bispo,13.2,5.57,214.6,51.4,46.4,48.9,94.6,97.5,x,x,x,x,x
Vila Real de Santo António,36.6,1.54,199.7,66.2,43.8,44.3,91.9,138.8,x,x,x,x,x
R. A. Açores,4.5,0.29,116.2,87,24.5,43.2,94.7,107.6,29.1,30.7,32.8,78.18,17.58
Santa Maria,22.2,0.5,125.7,82,26.1,42.4,90.9,107.7,x,x,x,x,x
Vila do Porto,22.2,0.5,125.7,82,26.1,42.4,90.9,107.7,x,x,x,x,x
São Miguel,2.9,0.28,92.9,97.9,20.4,42,94.9,101.1,x,x,x,x,x
Lagoa (R.A.A.),1.7,0.14,79,105.1,18.2,41.4,95.7,150,x,x,x,x,x
Nordeste,0,0.25,165.7,78.8,31.8,48.2,96.7,83.3,x,x,x,x,x
Ponta Delgada,4.4,0.41,107.9,91.8,21.9,42.1,92.3,91.7,x,x,x,x,x
Povoação,4.8,0.28,131.7,80.2,25.4,44.2,95.8,220,x,x,x,x,x
Ribeira Grande,4.7,0.11,58.6,116.9,15.5,40.5,98,135.7,x,x,x,x,x
Vila Franca do Campo,0,0.19,105.2,100.1,21.8,40.1,100.3,100,x,x,x,x,x
Terceira,4.8,0.2,144,79.5,28.6,42.7,93.6,78,x,x,x,x,x
Angra do Heroísmo,3,0.21,148,79.5,29.2,44,93.1,100,x,x,x,x,x
Vila da Praia da Vitória,12.8,0.18,137.3,71.8,27.7,40.5,94.5,45.8,x,x,x,x,x
Graciosa,0,0.24,153.5,74.6,35.3,46.3,96.3,150,x,x,x,x,x
Santa Cruz da Graciosa,0,0.24,153.5,74.6,35.3,46.3,96.3,150,x,x,x,x,x
São Jorge,5.6,0.32,183,66.8,34.3,49.1,97.3,107.7,x,x,x,x,x
Calheta (R.A.A.),0,0.2,200.7,66.3,38.4,50.8,97.4,75,x,x,x,x,x
Velas,8.3,0.41,170.7,67.1,31.5,47.7,97.3,122.2,x,x,x,x,x
Pico,8,0.31,169.2,67.1,34.1,47.5,94.3,168.8,x,x,x,x,x
Lajes do Pico,15.8,0.18,206.4,61.6,40.1,48.7,94.8,166.7,x,x,x,x,x
Madalena,5,0.33,147.7,76.4,30.9,47.5,94,110,x,x,x,x,x
São Roque do Pico,0,0.43,166.7,58.2,32.8,45.5,94.5,366.7,x,x,x,x,x
Faial,7.8,0.53,152.4,75.2,30.4,42.7,94.2,153.3,x,x,x,x,x
Horta,7.8,0.53,152.4,75.2,30.4,42.7,94.2,153.3,x,x,x,x,x
Flores,33.3,0.38,161.1,69,29.5,46.4,101.9,160,x,x,x,x,x
Lajes das Flores,50,0.71,184.6,69.7,30,46.2,106.6,233.3,x,x,x,x,x
Santa Cruz das Flores,0,0.15,147.6,68.4,29.2,46.5,98.7,50,x,x,x,x,x
Corvo,0,0.51,116.7,84,22.3,39.7,113.4,0,x,x,x,x,x
Corvo,0,0.51,116.7,84,22.3,39.7,113.4,0,x,x,x,x,x
R. A. Madeira,12.2,0.66,161.3,68.4,30.1,45.1,88.4,117.4,30.3,32.7,34.7,78.55,17.76
Calheta (R.A.M.),26.3,1.37,221.2,59.3,40.6,50.3,84.9,130.8,x,x,x,x,x
Câmara de Lobos,6.3,0.17,103.6,93.4,21.9,41.6,91.5,111.5,x,x,x,x,x
Funchal,6.9,0.82,185.9,62.5,33.1,44.9,86.7,128.7,x,x,x,x,x
Machico,16.3,0.4,189.4,63.9,30.9,43.9,93.3,113.5,x,x,x,x,x
Ponta do Sol,17.8,0.95,180.7,76.8,32.8,49.5,85.8,105.1,x,x,x,x,x
Porto Moniz,15.8,0.36,327.4,54.8,49.1,49.4,79.2,50,x,x,x,x,x
Ribeira Brava,10.4,0.49,168.8,75.3,31.5,48.2,83.5,106.7,x,x,x,x,x
Santa Cruz,14.3,0.52,100.2,75.7,21,42.2,91.7,97.3,x,x,x,x,x
Santana,15.8,0.21,300.3,51.8,47.4,51.9,83.3,100,x,x,x,x,x
São Vicente,42.9,0.76,264.8,55.6,43.7,47.6,85.6,105.6,x,x,x,x,x
Porto Santo,7.4,1.72,172.9,55.8,27.1,40.2,96.9,93.5,x,x,x,x,x
